Scenario,Weight
Earthquake,0.260623229
Erosion,0.260623229
Cyclone,0.195467422
Flood,0.283286119
BCSscore,0
