,Bridge id,"Total load [in 100,000 Kg]",Aggregated Vulnerability Score
158,N1_LRP220b,120.06457999999999,1.0
160,N1_LRP223a,119.456,0.8984771573604068
352,N1_LRP415c,125.64272,0.885408152157589
368,N1_LRP424a,125.88955999999999,0.885408152157589
365,N1_LRP423b,125.40132,0.885408152157589
400,N1_LRP433b,125.88099999999999,0.8352907095826307
374,N1_LRP425c,125.7461,0.8352907095826307
403,N1_LRP436a,126.24274,0.20046977029983143
438,N1_LRP455a,126.47761999999999,0.1503523277248737
397,N1_LRP431d,125.79473999999999,0.1503523277248737
